file,path,measured_m,note,use_body_plane,safety_margin_m,code_sha,release_path_mode,width,height,focal_source,f_px,verdict,fit_score,warnings,ground_m,endpoint_m,contour_m,face_m,face_raw_m,spread_m,dx_m,dy_m,dz_m,u_a,u_b,z_a,z_b,dgap_dza,dgap_dzb,dgap_dua,dgap_dub,lever_ratio,dz_shift_a,dz_shift_b,gap_pred_shift,gap_real_shift,px10_m,zsig_m,l_angle,r_angle,l_resid,r_resid,l_gate,r_gate,l_z_edge,l_z_med,r_z_edge,r_z_med,l_extrap_m,r_extrap_m,gates,front_band_px,edge_off_px,contour_points,mask_fill,refer,path_mode,error,seconds
20260821_132317.jpg,photos\20260821_132317.jpg,,미측정,True,0.5,46b265f5f62f,on,4000,3000,exif,2555.6,,,,5.076,5.078,5.0777790501130395,,6.12,0.0,5.04,0.131,0.605,1312.0,2970.0,8.122,7.517,0.386438,0.257723,-0.003156,0.002921,1.499,0.112,0.267,0.1121,0.112,0.0316,0.0399,0.1,16.5,0.1034,0.0743,ok,ok,8.122,8.124,7.517,7.005,,,,61/62,5.4/0.1,139/200,0.715/0.693,,on,,17.7
20260821_132317.jpg,photos\20260821_132317.jpg,,미측정,True,0.5,46b265f5f62f,on,4000,3000,exif,2555.6,,,,4.964,4.967,4.967342078223126,,6.12,0.0,4.905,0.19,0.759,1313.0,2970.0,8.01,7.25,0.418641,0.222119,-0.003097,0.002804,1.885,0.112,0.267,0.1062,0.112,0.031,0.0042,0.1,16.5,0.1034,0.0743,ok,ok,8.122,8.124,7.517,7.005,,,ok:160;ok:185,61/62,4.4/0.1,126/185,0.715/0.693,,off_alt,,18.3
20260821_132614.jpg,photos\20260821_132614.jpg,,미측정,True,0.5,46b265f5f62f,on,4000,3000,exif,2555.6,,,,9.903,9.904,9.904137448200158,,10.87,0.0,9.779,0.117,1.563,741.0,3428.0,8.47,10.033,0.328635,0.70962,-0.003273,0.003877,2.159,0.0,0.0,0.0,0.0,0.0388,0.037,48.8,85.8,0.0757,0.0631,out_of_range,out_of_range,,8.746,,10.04,,,ok:111;ok:92,44/34,0.5/0.2,109/91,0.73/0.702,,on,,6.5
20260821_132614.jpg,photos\20260821_132614.jpg,,미측정,True,0.5,46b265f5f62f,on,4000,3000,exif,2555.6,,,,9.903,9.904,9.904137448200158,,10.87,0.0,9.779,0.117,1.563,741.0,3428.0,8.47,10.033,0.328635,0.70962,-0.003273,0.003877,2.159,0.0,0.0,0.0,0.0,0.0388,0.037,48.8,85.8,0.0757,0.0631,out_of_range,out_of_range,,8.746,,10.04,,,ok:135;ok:92,44/34,0.5/0.2,109/91,0.73/0.702,,off_alt,,6.9
IMG_0334.JPG,photos\IMG_0334.JPG,5.8,실측 · 동일지점 A 를 여러 각도에서 (4장 묶음),True,0.5,46b265f5f62f,on,4032,3024,exif,2688.0,,,,,,,,,,,,,,,,,,,,,,,,,,,,,,,,,,,,,,,,,,,,,,on,retake:NO_VALID_PAIR,6.3
IMG_0334.JPG,photos\IMG_0334.JPG,5.8,실측 · 동일지점 A 를 여러 각도에서 (4장 묶음),True,0.5,46b265f5f62f,on,4032,3024,exif,2688.0,,,,,,,,,,,,,,,,,,,,,,,,,,,,,,,,,,,,,,,,,,,,,,off_alt,retake:NO_VALID_PAIR,6.3
IMG_0335.JPG,photos\IMG_0335.JPG,4.8,실측 · 동일지점 B 를 여러 각도에서 (5장 묶음),True,0.5,46b265f5f62f,on,4032,3024,exif,2688.0,,,,,,,,,,,,,,,,,,,,,,,,,,,,85.9,14.6,0.0795,0.2015,ok,ok,,4.076,,7.102,,,ok:2,,,,0.622/0.811,,on,"contour_failed:contour_too_few_points,face_too_few_points",6.4
IMG_0335.JPG,photos\IMG_0335.JPG,4.8,실측 · 동일지점 B 를 여러 각도에서 (5장 묶음),True,0.5,46b265f5f62f,on,4032,3024,exif,2688.0,,,,,,,,,,,,,,,,,,,,,,,,,,,,85.9,14.6,0.0795,0.2015,ok,ok,,4.076,,7.102,,,ok:2;ok:145,,,,0.622/0.811,,off_alt,"contour_failed:contour_too_few_points,face_too_few_points",6.9
IMG_0336.JPG,photos\IMG_0336.JPG,4.8,실측 · 동일지점 B 를 여러 각도에서 (5장 묶음),True,0.5,46b265f5f62f,on,4032,3024,exif,2688.0,,,,7.568,7.569,7.569154424380133,,,0.0,7.461,0.132,1.266,728.0,2358.0,12.039,13.305,0.305084,0.292765,-0.004416,0.00488,1.042,0.0,0.0,0.0,0.0,0.0488,0.0092,,,,,too_few_interior,too_few_interior,,,,,,,ok:23;ok:59,140/64,5.1/0.7,23/59,0.631/0.448,,on,,6.5
IMG_0336.JPG,photos\IMG_0336.JPG,4.8,실측 · 동일지점 B 를 여러 각도에서 (5장 묶음),True,0.5,46b265f5f62f,on,4032,3024,exif,2688.0,,,,7.568,7.569,7.569154424380133,,,0.0,7.461,0.132,1.266,728.0,2358.0,12.039,13.305,0.305084,0.292765,-0.004416,0.00488,1.042,0.0,0.0,0.0,0.0,0.0488,0.0092,,,,,too_few_interior,too_few_interior,,,,,,,ok:23;ok:59,140/64,5.1/0.7,23/59,0.631/0.448,,off_alt,,6.8
IMG_1244.JPG,photos\IMG_1244.JPG,,미측정,True,0.5,46b265f5f62f,on,4000,3000,exif,2555.6,,,,3.035,3.036,3.0363843181386896,4.575471079583602,4.58,1.539,3.002,0.1,0.445,1644.0,2832.0,6.769,6.324,0.284327,0.175525,-0.00262,0.002448,1.62,-0.038,0.015,-0.0082,-0.013,0.0262,0.017,4.9,0.5,0.0304,0.0966,ok,ok,6.769,6.554,6.324,6.317,,,,99/70,4.8/1.0,198/141,0.728/0.722,,on,,6.5
IMG_1244.JPG,photos\IMG_1244.JPG,,미측정,True,0.5,46b265f5f62f,on,4000,3000,exif,2555.6,,,,3.048,3.048,3.0484612526649033,4.575471079583602,4.58,1.527,3.007,0.011,0.498,1642.0,2832.0,6.807,6.309,0.301584,0.157811,-0.002628,0.002435,1.911,-0.038,0.015,-0.0091,-0.013,0.0263,0.0023,4.9,0.5,0.0304,0.0966,ok,ok,6.769,6.554,6.324,6.317,,,ok:200;ok:172,99/70,6.8/1.0,198/139,0.728/0.722,,off_alt,,7.0
IMG_1254.JPG,photos\IMG_1254.JPG,,미측정,True,0.5,46b265f5f62f,on,4032,3024,exif,2912.0,,,,4.921,4.927,4.927212956128817,,4.04,0.0,4.171,0.253,2.611,800.0,3007.0,4.33,6.942,-0.176732,0.819112,-0.00126,0.00202,4.635,-1.247,0.653,0.7553,0.896,0.0202,0.0642,31.0,27.2,0.0687,0.0783,ok,ok,4.33,5.145,6.942,6.345,,,,213/61,265.8/0.3,19/185,0.72/0.713,,on,,6.4
IMG_1254.JPG,photos\IMG_1254.JPG,,미측정,True,0.5,46b265f5f62f,on,4032,3024,exif,2912.0,,,,4.025,4.025,4.024881525307121,,4.04,0.0,3.961,0.011,0.712,1065.0,3007.0,5.577,6.289,0.144524,0.511853,-0.001885,0.002126,3.542,-1.247,0.653,0.154,0.896,0.0213,0.0023,31.0,27.2,0.0687,0.0783,ok,ok,4.036,5.145,6.942,6.345,,,ok:113;ok:199,64/61,0.8/0.3,56/184,0.72/0.713,,off_alt,,7.0
IMG_1255.JPG,photos\IMG_1255.JPG,,미측정,True,0.5,46b265f5f62f,on,4032,3024,exif,2912.0,,,,3.989,4.002,4.001821313658328,5.543540503114912,5.54,1.542,3.987,0.326,0.102,1120.0,2979.0,6.299,6.197,0.33313,0.305055,-0.002162,0.002127,1.092,0.204,0.569,0.2415,0.219,0.0216,0.038,13.1,20.4,0.0565,0.1244,ok,ok,6.299,5.981,6.197,5.767,,,,67/63,10.1/0.9,104/176,0.517/0.713,,on,,6.6
IMG_1255.JPG,photos\IMG_1255.JPG,,미측정,True,0.5,46b265f5f62f,on,4032,3024,exif,2912.0,,,,3.77,3.78,3.78006105315469,5.543540503114912,5.54,1.763,3.741,0.279,0.467,1118.0,2979.0,6.095,5.628,0.429973,0.204176,-0.002077,0.001918,2.106,0.204,0.569,0.2039,0.219,0.0208,0.0017,13.1,20.4,0.0565,0.1244,ok,ok,6.298,5.981,6.197,5.767,,,ok:197;ok:189,67/63,12.1/0.9,104/165,0.517/0.713,,off_alt,,7.2
IMG_1257.JPG,photos\IMG_1257.JPG,,미측정,True,0.5,46b265f5f62f,on,4032,3024,exif,2912.0,,,,3.569,3.57,3.569733270271536,,5.29,0.0,3.419,0.06,1.026,1113.0,3108.0,5.551,4.526,0.584379,0.071822,-0.001826,0.001489,8.137,0.022,-0.087,0.0066,-0.001,0.0183,0.0428,1.0,9.6,0.0732,0.0999,ok,ok,5.551,5.568,4.526,4.67,,,,67/55,6.0/0.1,160/97,0.613/0.759,,on,,6.5
IMG_1257.JPG,photos\IMG_1257.JPG,,미측정,True,0.5,46b265f5f62f,on,4032,3024,exif,2912.0,,,,3.57,3.57,3.5696836987578044,,5.29,0.0,3.45,0.032,0.916,1110.0,3108.0,5.529,4.613,0.557253,0.105911,-0.001835,0.001531,5.262,0.022,-0.087,0.003,-0.001,0.0184,0.002,1.0,9.6,0.0732,0.0999,ok,ok,5.552,5.568,4.526,4.67,,,ok:200;ok:196,67/55,9.0/0.1,160/97,0.613/0.759,,off_alt,,7.2
IMG_1258.JPG,photos\IMG_1258.JPG,,미측정,True,0.5,46b265f5f62f,on,4032,3024,exif,2912.0,,,,3.799,3.799,3.7994999568594023,5.102991559612177,5.1,1.303,3.664,0.063,1.005,884.0,2874.0,5.794,4.789,0.639437,0.019594,-0.001919,0.001586,32.634,0.33,0.061,0.2122,0.197,0.0192,0.0637,18.2,0.7,0.0996,0.1122,ok,ok,5.794,5.499,4.789,4.793,,,,53/69,2.4/0.1,146/124,0.67/0.8,,on,,6.5
IMG_1258.JPG,photos\IMG_1258.JPG,,미측정,True,0.5,46b265f5f62f,on,4032,3024,exif,2912.0,,,,3.602,3.602,3.602450916597337,5.102991559612177,5.1,1.501,3.527,0.009,0.736,879.0,2874.0,5.464,4.728,0.586402,0.084263,-0.001837,0.00159,6.959,0.33,0.061,0.1987,0.197,0.0184,0.0009,18.2,0.7,0.0996,0.1122,ok,ok,5.791,5.499,4.789,4.793,,,ok:200;ok:196,53/69,7.4/0.1,146/120,0.67/0.8,,off_alt,,7.1
IMG_1261.JPG,photos\IMG_1261.JPG,,미측정,True,0.5,46b265f5f62f,on,4032,3024,exif,2912.0,,,,2.457,2.462,2.4623277679731195,3.5224074777752925,3.52,1.06,2.452,0.157,0.164,1406.0,2826.0,5.122,4.957,0.275866,0.21068,-0.001755,0.001699,1.309,-0.004,0.06,0.0115,0.005,0.0175,0.0301,2.6,4.5,0.1091,0.0526,ok,ok,5.122,5.203,4.957,4.866,,,,84/72,0.4/0.9,165/102,0.688/0.804,,on,,6.6
IMG_1261.JPG,photos\IMG_1261.JPG,,미측정,True,0.5,46b265f5f62f,on,4032,3024,exif,2912.0,,,,2.452,2.453,2.453208490158,3.5224074777752925,3.52,1.069,2.441,0.082,0.229,1406.0,2829.0,5.126,4.897,0.301987,0.184544,-0.001753,0.001674,1.636,-0.004,0.06,0.0099,0.005,0.0175,0.0015,2.6,4.5,0.1091,0.0526,ok,ok,5.122,5.203,4.957,4.866,,,ok:200;ok:200,84/72,0.4/3.9,165/102,0.688/0.804,,off_alt,,7.3
IMG_1266.JPG,photos\IMG_1266.JPG,5.8,실측 · 동일지점 A 를 여러 각도에서 (4장 묶음),True,0.5,46b265f5f62f,on,4032,3024,exif,2912.0,,,,,,,,,,,,,,,,,,,,,,,,,,,,,,,,,,,,,,,,,,,,,,on,retake:NO_VALID_PAIR,6.4
IMG_1266.JPG,photos\IMG_1266.JPG,5.8,실측 · 동일지점 A 를 여러 각도에서 (4장 묶음),True,0.5,46b265f5f62f,on,4032,3024,exif,2912.0,,,,,,,,,,,,,,,,,,,,,,,,,,,,,,,,,,,,,,,,,,,,,,off_alt,retake:NO_VALID_PAIR,6.5
IMG_1267.JPG,photos\IMG_1267.JPG,5.8,실측 · 동일지점 A 를 여러 각도에서 (4장 묶음),True,0.5,46b265f5f62f,on,4032,3024,exif,2912.0,,,,,,,,,,,,,,,,,,,,,,,,,,,,,,,,,,,,,,,,,,,,,,on,retake:NO_VALID_PAIR,6.2
IMG_1267.JPG,photos\IMG_1267.JPG,5.8,실측 · 동일지점 A 를 여러 각도에서 (4장 묶음),True,0.5,46b265f5f62f,on,4032,3024,exif,2912.0,,,,,,,,,,,,,,,,,,,,,,,,,,,,,,,,,,,,,,,,,,,,,,off_alt,retake:NO_VALID_PAIR,6.3
IMG_1268.JPG,photos\IMG_1268.JPG,5.8,실측 · 동일지점 A 를 여러 각도에서 (4장 묶음),True,0.5,46b265f5f62f,on,4032,3024,exif,2912.0,,,,,,,,,,,,,,,,,,,,,,,,,,,,,,,,,,,,,,,,,,,,,,on,retake:NO_VALID_PAIR,6.3
IMG_1268.JPG,photos\IMG_1268.JPG,5.8,실측 · 동일지점 A 를 여러 각도에서 (4장 묶음),True,0.5,46b265f5f62f,on,4032,3024,exif,2912.0,,,,,,,,,,,,,,,,,,,,,,,,,,,,,,,,,,,,,,,,,,,,,,off_alt,retake:NO_VALID_PAIR,6.4
IMG_1269.JPG,photos\IMG_1269.JPG,,미측정,True,0.5,46b265f5f62f,on,4032,3024,exif,2912.0,,,,5.678,5.68,5.679780379890534,,6.84,0.0,5.676,0.147,0.128,1038.0,2821.0,9.329,9.2,0.358376,0.253761,-0.003203,0.003159,1.412,0.213,0.506,0.2047,0.175,0.032,0.054,0.9,20.3,0.1507,0.0897,ok,ok,9.329,9.372,9.2,8.532,,,,62/73,0.9/0.2,197/169,0.774/0.749,,on,,6.4
IMG_1269.JPG,photos\IMG_1269.JPG,,미측정,True,0.5,46b265f5f62f,on,4032,3024,exif,2912.0,,,,5.503,5.511,5.511147373416065,,6.84,0.0,5.487,0.3,0.421,1031.0,2821.0,9.116,8.694,0.413835,0.199058,-0.003121,0.002977,2.079,0.213,0.506,0.1889,0.175,0.0312,0.0032,0.9,20.3,0.1507,0.0897,ok,ok,9.329,9.372,9.2,8.532,,,ok:168;ok:191,62/73,7.9/0.2,168/169,0.774/0.749,,off_alt,,6.9
IMG_1270.JPG,photos\IMG_1270.JPG,,미측정,True,0.5,46b265f5f62f,on,4032,3024,exif,2912.0,,,,1.669,1.678,1.6780118551261611,,1.85,0.0,1.293,0.174,1.055,1207.0,2366.0,2.931,3.986,-0.416809,0.725224,-0.00078,0.001061,1.74,-0.065,-0.014,0.0169,-0.007,0.0106,0.1133,14.4,2.6,0.0479,0.1563,ok,ok,2.931,2.773,3.986,3.932,,,,73/100,15.5/5.4,97/134,0.739/0.709,,on,,6.7
IMG_1270.JPG,photos\IMG_1270.JPG,,미측정,True,0.5,46b265f5f62f,on,4032,3024,exif,2912.0,,,,1.676,1.725,1.725353992224641,,1.85,0.0,1.342,0.411,1.004,1182.0,2368.0,2.996,4.0,-0.369799,0.695895,-0.000824,0.0011,1.882,-0.065,-0.014,0.0143,-0.007,0.011,0.0101,14.4,2.6,0.0479,0.1563,ok,ok,2.925,2.773,3.986,3.932,,,ok:200;ok:200,73/100,40.5/7.4,97/118,0.739/0.709,,off_alt,,7.5
IMG_1271.JPG,photos\IMG_1271.JPG,,미측정,True,0.5,46b265f5f62f,on,4032,3024,exif,2912.0,,,,1.58,1.604,1.6038641142903651,,1.41,0.0,1.281,0.276,0.924,1272.0,2249.0,3.599,4.523,-0.377767,0.649879,-0.001002,0.00126,1.72,0.149,-0.343,-0.2792,-0.316,0.0126,0.0991,19.4,16.1,0.0678,0.1524,ok,ok,3.599,3.32,4.523,4.946,,,,77/108,18.9/17.0,93/183,0.782/0.719,,on,,6.6
IMG_1271.JPG,photos\IMG_1271.JPG,,미측정,True,0.5,46b265f5f62f,on,4032,3024,exif,2912.0,,,,1.896,1.927,1.9268921098733216,,1.41,0.0,1.262,0.342,1.415,1271.0,2243.0,3.45,4.866,-0.576126,0.798267,-0.000789,0.001112,1.386,0.149,-0.343,-0.3596,-0.316,0.0111,0.0046,19.4,16.1,0.0678,0.1524,ok,ok,3.598,3.32,4.52,4.946,,,ok:200;ok:200,77/108,19.9/11.0,93/183,0.782/0.719,,off_alt,,7.3
IMG_1274.JPG,photos\IMG_1274.JPG,4.8,실측 · 동일지점 B 를 여러 각도에서 (5장 묶음),True,0.5,46b265f5f62f,on,4032,3024,exif,2912.0,,,,4.325,4.326,4.325628811112019,,2.73,0.0,1.883,0.065,3.894,1388.0,2639.0,6.323,2.429,0.994132,-0.807078,-0.000945,0.000363,1.232,0.083,0.398,-0.2387,-0.265,0.0095,0.2108,0.9,61.5,0.212,0.0532,ok,ok,6.323,6.323,2.429,1.843,,,,68/83,10.1/0.2,195/160,0.722/0.826,,on,,6.8
IMG_1274.JPG,photos\IMG_1274.JPG,4.8,실측 · 동일지점 B 를 여러 각도에서 (5장 묶음),True,0.5,46b265f5f62f,on,4032,3024,exif,2912.0,,,,4.59,4.593,4.593102264439106,,2.73,0.0,1.831,0.178,4.209,1387.0,2709.0,6.24,2.031,1.003144,-0.82202,-0.000855,0.000278,1.22,0.083,0.398,-0.2439,-0.265,0.0085,0.0059,0.9,61.5,0.212,0.0532,ok,ok,6.323,6.323,2.354,1.843,,,ok:189;ok:200,68/83,11.1/70.2,187/160,0.722/0.826,,off_alt,,7.7
IMG_1275.JPG,photos\IMG_1275.JPG,4.8,실측 · 동일지점 B 를 여러 각도에서 (5장 묶음),True,0.5,46b265f5f62f,on,4032,3024,exif,2912.0,,,,4.24,4.251,4.250938699718177,,2.47,0.0,1.845,0.299,3.818,1410.0,2656.0,6.274,2.456,0.990898,-0.804679,-0.000938,0.000367,1.231,-0.026,0.092,-0.0998,-0.113,0.0094,0.2041,1.3,59.5,0.206,0.044,ok,ok,6.274,6.297,2.456,1.893,,,,68/82,2.5/0.9,200/167,0.712/0.826,,on,,6.8
IMG_1275.JPG,photos\IMG_1275.JPG,4.8,실측 · 동일지점 B 를 여러 각도에서 (5장 묶음),True,0.5,46b265f5f62f,on,4032,3024,exif,2912.0,,,,4.353,4.356,4.3556354164301725,,2.47,0.0,1.858,0.155,3.936,1409.0,2687.0,6.3,2.364,0.993306,-0.805985,-0.000923,0.000346,1.232,-0.026,0.092,-0.1,-0.113,0.0092,0.0069,1.3,59.5,0.206,0.044,ok,ok,6.274,6.297,2.424,1.893,,,ok:199;ok:196,68/82,3.5/31.9,197/164,0.712/0.826,,off_alt,,7.7
IMG_1276.JPG,photos\IMG_1276.JPG,4.8,실측 · 동일지점 B 를 여러 각도에서 (5장 묶음),True,0.5,46b265f5f62f,on,4032,3024,exif,2912.0,,,,4.599,4.605,4.605083801970655,,3.28,0.0,2.558,0.245,3.821,1130.0,2694.0,6.42,2.599,1.000221,-0.701409,-0.001227,0.000497,1.426,0.492,0.362,0.2382,0.247,0.0123,0.1937,18.1,49.9,0.1937,0.0306,ok,ok,6.42,6.052,2.599,2.112,,,,68/80,7.2/5.2,200/143,0.742/0.816,,on,,7.0
IMG_1276.JPG,photos\IMG_1276.JPG,4.8,실측 · 동일지점 B 를 여러 각도에서 (5장 묶음),True,0.5,46b265f5f62f,on,4032,3024,exif,2912.0,,,,4.352,4.367,4.366555765368222,,3.28,0.0,2.306,0.362,3.69,1137.0,2689.0,5.928,2.237,1.007976,-0.725496,-0.001079,0.000407,1.389,0.492,0.362,0.2333,0.247,0.0108,0.0015,18.1,49.9,0.1937,0.0306,ok,ok,6.425,6.052,2.603,2.112,,,ok:200;ok:200,68/80,0.2/0.2,200/143,0.742/0.816,,off_alt,,7.8
IMG_1277.JPG,photos\IMG_1277.JPG,3.6,정면,True,0.5,46b265f5f62f,on,4032,3024,exif,2912.0,,,,3.707,3.712,3.7120531900676714,,5.13,0.0,3.7,0.197,0.219,1269.0,2796.0,7.169,6.949,0.315224,0.20824,-0.002457,0.002382,1.514,0.417,-0.015,0.1283,0.071,0.0246,0.02,16.5,1.7,0.0636,0.0668,ok,ok,7.169,6.696,6.949,7.001,,,,76/74,8.8/0.9,155/126,0.682/0.795,,on,,6.6
IMG_1277.JPG,photos\IMG_1277.JPG,3.6,정면,True,0.5,46b265f5f62f,on,4032,3024,exif,2912.0,,,,3.636,3.642,3.6424812562139994,,5.13,0.0,3.63,0.216,0.212,1255.0,2796.0,6.752,6.964,0.202454,0.325832,-0.002315,0.002387,1.609,0.417,-0.015,0.0795,0.071,0.0239,0.0018,16.5,1.7,0.0636,0.0668,ok,ok,7.159,6.696,6.949,7.001,,,ok:199;ok:196,76/74,22.8/0.9,154/126,0.682/0.795,,off_alt,,7.2
IMG_1278.JPG,photos\IMG_1278.JPG,2.9,정면,True,0.5,46b265f5f62f,on,4032,3024,exif,2912.0,,,,2.988,2.988,2.9883685679258107,,4.21,0.0,2.983,0.002,0.172,1304.0,2829.0,5.605,5.777,0.186567,0.33626,-0.001922,0.001981,1.802,0.118,0.031,0.0324,0.033,0.0198,0.0224,6.4,0.3,0.0982,0.0667,ok,ok,5.605,5.453,5.777,5.785,,,,78/72,3.0/0.3,143/135,0.681/0.81,,on,,6.7
IMG_1278.JPG,photos\IMG_1278.JPG,2.9,정면,True,0.5,46b265f5f62f,on,4032,3024,exif,2912.0,,,,2.955,2.955,2.9554336317213425,,4.21,0.0,2.944,0.004,0.259,1305.0,2829.0,5.487,5.746,0.155714,0.36563,-0.001877,0.001966,2.348,0.118,0.031,0.0297,0.033,0.0197,0.0019,6.4,0.3,0.0982,0.0667,ok,ok,5.605,5.453,5.777,5.785,,,ok:200;ok:200,78/72,2.0/0.3,143/135,0.681/0.81,,off_alt,,7.4
IMG_1279.JPG,photos\IMG_1279.JPG,,미측정,True,0.5,46b265f5f62f,on,4032,3024,exif,2912.0,,,,3.05,3.05,3.050497798337418,,4.09,0.0,3.05,0.043,0.039,1548.0,2893.0,6.578,6.617,0.147947,0.313897,-0.002259,0.002272,2.122,0.006,0.061,0.02,0.001,0.0227,0.0172,3.1,1.2,0.0489,0.0547,ok,ok,6.578,6.461,6.617,6.65,,,,93/68,2.2/0.2,170/150,0.709/0.829,,on,,6.5
IMG_1279.JPG,photos\IMG_1279.JPG,,미측정,True,0.5,46b265f5f62f,on,4032,3024,exif,2912.0,,,,3.049,3.053,3.0531812331711303,,4.09,0.0,3.049,0.164,0.015,1540.0,2893.0,6.572,6.556,0.168446,0.296177,-0.002257,0.002251,1.758,0.006,0.061,0.0191,0.001,0.0226,0.0032,3.1,1.2,0.0489,0.0547,ok,ok,6.577,6.461,6.617,6.65,,,ok:200;ok:200,93/68,10.2/0.2,170/150,0.709/0.829,,off_alt,,7.1
IMG_1280.JPG,photos\IMG_1280.JPG,3.2,정면,True,0.5,46b265f5f62f,on,4032,3024,exif,2912.0,,,,3.627,3.629,3.628804028397209,,4.98,0.0,3.604,0.115,0.406,1267.0,2777.0,6.746,7.152,0.143778,0.371514,-0.002302,0.002441,2.584,0.363,-0.029,0.0414,0.019,0.0244,0.0196,13.6,3.5,0.047,0.0529,ok,ok,6.746,6.387,7.152,7.272,,,,76/75,2.3/0.7,191/139,0.72/0.825,,on,,6.5
IMG_1280.JPG,photos\IMG_1280.JPG,3.2,정면,True,0.5,46b265f5f62f,on,4032,3024,exif,2912.0,,,,3.608,3.611,3.6114861054936287,,4.98,0.0,3.518,0.159,0.799,1267.0,2777.0,6.383,7.181,0.029384,0.476286,-0.002137,0.002405,16.209,0.363,-0.029,-0.0031,0.019,0.024,0.0079,13.6,3.5,0.047,0.0529,ok,ok,6.746,6.387,7.152,7.272,,,ok:200;ok:200,76/75,2.3/0.7,191/139,0.72/0.825,,off_alt,,7.1
IMG_1281.JPG,photos\IMG_1281.JPG,,미측정,True,0.5,46b265f5f62f,on,4032,3024,exif,2912.0,,,,3.416,3.419,3.41900902650089,,4.94,0.0,3.38,0.149,0.493,1192.0,2992.0,5.201,5.694,0.135815,0.475857,-0.001767,0.001935,3.504,0.116,0.029,0.0296,0.023,0.0193,0.0377,8.7,3.6,0.053,0.0793,ok,ok,5.201,5.036,5.694,5.77,,,,71/62,1.5/0.0,166/119,0.691/0.795,,on,,6.6
IMG_1281.JPG,photos\IMG_1281.JPG,,미측정,True,0.5,46b265f5f62f,on,4032,3024,exif,2912.0,,,,3.393,3.393,3.3929655906798875,,4.94,0.0,3.343,0.006,0.581,1189.0,2992.0,5.085,5.665,0.108655,0.501371,-0.00172,0.001917,4.614,0.116,0.029,0.0271,0.023,0.0192,0.0038,8.7,3.6,0.053,0.0793,ok,ok,5.2,5.036,5.694,5.77,,,ok:200;ok:198,71/62,4.5/0.0,166/117,0.691/0.795,,off_alt,,7.3
IMG_1287.JPG,photos\IMG_1287.JPG,3.7,실측 · 야간 · 볼트↔쏘렌토 (사잇각 0.5°),True,0.5,46b265f5f62f,on,4032,3024,exif,2912.0,,,,3.469,3.472,3.472124395081842,4.370396798349525,4.37,0.898,3.438,0.143,0.465,1146.0,2934.0,5.36,5.825,0.161974,0.446492,-0.001824,0.001982,2.757,0.069,0.445,0.2099,0.177,0.0198,0.0484,3.0,15.6,0.0462,0.1085,ok,ok,5.36,5.291,5.825,5.497,,,,69/66,5.8/0.8,171/128,0.729/0.794,,on,,7.2
IMG_1287.JPG,photos\IMG_1287.JPG,3.7,실측 · 야간 · 볼트↔쏘렌토 (사잇각 0.5°),True,0.5,46b265f5f62f,on,4032,3024,exif,2912.0,,,,3.292,3.321,3.320595108623848,4.370396798349525,4.37,1.05,3.291,0.432,0.089,1138.0,2934.0,5.291,5.38,0.274291,0.34224,-0.001816,0.001847,1.248,0.069,0.445,0.1712,0.177,0.0185,0.0015,3.0,15.6,0.0462,0.1085,ok,ok,5.359,5.291,5.825,5.497,,,ok:200;ok:164,69/66,13.8/0.8,171/110,0.729/0.794,,off_alt,,7.7
IMG_1288.JPG,photos\IMG_1288.JPG,1.7,실측 · 야간 · 쏘렌토↔니로 (사잇각 10.5°),True,0.5,46b265f5f62f,on,4032,3024,exif,2912.0,,,,1.44,1.443,1.4434689615576324,2.1431273031990177,2.14,0.7,1.409,0.102,0.295,1459.0,2552.0,3.61,3.905,-0.017698,0.385076,-0.001213,0.001313,21.758,0.01,0.127,0.0487,0.015,0.0131,0.0364,9.8,2.1,0.0643,0.0945,ok,ok,3.61,3.441,3.905,3.949,,,,87/89,6.5/1.6,147/155,0.739/0.695,,on,,7.4
IMG_1288.JPG,photos\IMG_1288.JPG,1.7,실측 · 야간 · 쏘렌토↔니로 (사잇각 10.5°),True,0.5,46b265f5f62f,on,4032,3024,exif,2912.0,,,,1.425,1.445,1.444806892872261,2.1431273031990177,2.14,0.698,1.414,0.238,0.178,1460.0,2576.0,3.6,3.778,0.064513,0.315726,-0.001227,0.001287,4.894,0.01,0.127,0.0407,0.015,0.0129,0.0009,9.8,2.1,0.0643,0.0945,ok,ok,3.61,3.441,3.906,3.949,,,ok:200;ok:200,87/89,5.5/25.6,147/155,0.739/0.695,,off_alt,,8.5
IMG_1289.JPG,photos\IMG_1289.JPG,1.4,실측 · 야간 · 상가앞 도로변 · SUV↔세단,True,0.5,46b265f5f62f,on,4032,3024,exif,2912.0,,,,1.405,1.406,1.4061113912062257,2.1524373159659143,2.15,0.746,1.39,0.065,0.205,1485.0,2274.0,5.061,5.266,0.034374,0.23367,-0.001719,0.001789,6.798,0.032,-0.069,-0.015,-0.028,0.0179,0.0128,2.3,3.0,0.0604,0.0549,ok,ok,5.061,4.993,5.266,5.374,,,,89/105,6.7/1.0,157/184,0.825/0.743,,on,,6.8
IMG_1289.JPG,photos\IMG_1289.JPG,1.4,실측 · 야간 · 상가앞 도로변 · SUV↔세단,True,0.5,46b265f5f62f,on,4032,3024,exif,2912.0,,,,1.433,1.437,1.4367135160931643,2.1524373159659143,2.15,0.716,1.4,0.101,0.306,1479.0,2274.0,5.029,5.335,-0.033276,0.299993,-0.001687,0.00179,9.015,0.032,-0.069,-0.0218,-0.028,0.0179,0.0011,2.3,3.0,0.0604,0.0549,ok,ok,5.061,4.993,5.266,5.374,,,ok:200;ok:200,89/105,12.7/1.0,157/184,0.825/0.743,,off_alt,,7.5
IMG_1291.JPG,photos\IMG_1291.JPG,3.15,실측 · 야간 · 3.1~3.2 범위로 재심 · SUV↔K5,True,0.5,46b265f5f62f,on,4032,3024,exif,2912.0,,,,3.14,3.141,3.1413004267780607,4.344192967465398,4.34,1.203,3.035,0.105,0.803,1052.0,2775.0,5.483,4.681,0.575708,-0.003683,-0.00182,0.001554,156.33,0.498,0.007,0.2867,0.255,0.0182,0.0767,25.4,1.1,0.1332,0.055,ok,ok,5.483,5.042,4.681,4.704,,,,63/75,0.4/0.4,143/134,0.735/0.779,,on,,6.9
IMG_1291.JPG,photos\IMG_1291.JPG,3.15,실측 · 야간 · 3.1~3.2 범위로 재심 · SUV↔K5,True,0.5,46b265f5f62f,on,4032,3024,exif,2912.0,,,,2.885,2.888,2.8879039005741713,4.344192967465398,4.34,1.456,2.868,0.124,0.311,1052.0,2775.0,4.985,4.674,0.436971,0.151267,-0.001702,0.001596,2.889,0.498,0.007,0.2187,0.255,0.017,0.0011,25.4,1.1,0.1332,0.055,ok,ok,5.483,5.042,4.681,4.704,,,ok:198;ok:200,63/75,0.4/0.4,143/134,0.735/0.779,,off_alt,,7.7
IMG_1292.JPG,photos\IMG_1292.JPG,1.4,실측 · 야간 · 카니발↔카니발 (좁음),True,0.5,46b265f5f62f,on,4032,3024,exif,2912.0,,,,1.187,1.188,1.1877681948799292,1.944154814657269,1.94,0.756,1.16,0.028,0.256,1483.0,2315.0,3.966,4.222,-0.036759,0.315761,-0.00133,0.001416,8.59,0.012,-0.016,-0.0055,-0.001,0.0142,0.0212,2.4,4.8,0.0854,0.0672,ok,ok,3.966,3.923,4.222,4.098,,,,89/103,8.8/1.6,140/180,0.827/0.699,,on,,7.1
IMG_1292.JPG,photos\IMG_1292.JPG,1.4,실측 · 야간 · 카니발↔카니발 (좁음),True,0.5,46b265f5f62f,on,4032,3024,exif,2912.0,,,,1.188,1.189,1.1891416747084402,1.944154814657269,1.94,0.755,1.153,0.057,0.284,1486.0,2314.0,3.954,4.238,-0.06252,0.338603,-0.001318,0.001413,5.416,0.012,-0.016,-0.0062,-0.001,0.0141,0.0012,2.4,4.8,0.0854,0.0672,ok,ok,3.967,3.923,4.222,4.098,,,ok:191;ok:200,89/103,5.8/0.6,140/180,0.827/0.699,,off_alt,,8.0
IMG_1293.JPG,photos\IMG_1293.JPG,3.1,실측 · 야간 · 카니발↔세단,True,0.5,46b265f5f62f,on,4032,3024,exif,2912.0,,,,2.655,2.659,2.6588935922511316,3.6128717980609952,3.61,0.954,2.655,0.14,0.031,1354.0,2730.0,5.635,5.604,0.238893,0.233603,-0.001935,0.001924,1.023,0.12,0.204,0.0763,0.075,0.0193,0.0146,5.1,11.1,0.0613,0.0543,ok,ok,5.635,5.529,5.604,5.371,,,,81/78,4.1/0.7,108/188,0.807/0.681,,on,,6.7
IMG_1293.JPG,photos\IMG_1293.JPG,3.1,실측 · 야간 · 카니발↔세단,True,0.5,46b265f5f62f,on,4032,3024,exif,2912.0,,,,2.58,2.581,2.581204076767661,3.6128717980609952,3.61,1.032,2.578,0.062,0.115,1354.0,2730.0,5.515,5.4,0.271555,0.200506,-0.001892,0.001853,1.354,0.12,0.204,0.0735,0.075,0.0189,0.0009,5.1,11.1,0.0613,0.0543,ok,ok,5.635,5.529,5.604,5.371,,,ok:200;ok:200,81/78,4.1/0.7,108/188,0.807/0.681,,off_alt,,7.5
IMG_1294.JPG,photos\IMG_1294.JPG,2.0,실측 · 야간 · 소나타↔SUV,True,0.5,46b265f5f62f,on,4032,3024,exif,2912.0,,,,1.749,1.75,1.7501731775658407,2.7836926279290335,2.78,1.034,1.656,0.064,0.563,1544.0,2732.0,4.398,3.836,0.47509,-0.088797,-0.00143,0.001247,5.35,0.011,-0.002,0.0054,0.0,0.0143,0.0417,3.3,4.5,0.0879,0.1053,ok,ok,4.398,4.481,3.836,3.92,,,,93/78,8.2/0.2,144/139,0.785/0.747,,on,,6.6
IMG_1294.JPG,photos\IMG_1294.JPG,2.0,실측 · 야간 · 소나타↔SUV,True,0.5,46b265f5f62f,on,4032,3024,exif,2912.0,,,,1.749,1.75,1.7501471741326495,2.7836926279290335,2.78,1.034,1.661,0.052,0.549,1540.0,2732.0,4.387,3.838,0.469299,-0.080676,-0.00143,0.001251,5.817,0.011,-0.002,0.0053,0.0,0.0143,0.0005,3.3,4.5,0.0879,0.1053,ok,ok,4.399,4.481,3.836,3.92,,,ok:200;ok:200,93/78,12.2/0.2,144/139,0.785/0.747,,off_alt,,7.5
IMG_1295.JPG,photos\IMG_1295.JPG,5.5,실측 · 동일지점 C 를 여러 각도에서 (8장 묶음) · 판정 갈림 구간,True,0.5,46b265f5f62f,on,4032,3024,exif,2912.0,,,,5.043,5.044,5.044174233465993,,6.28,0.0,4.971,0.084,0.853,856.0,3194.0,6.621,5.768,0.561687,0.22964,-0.002241,0.001952,2.446,0.823,0.056,0.4751,0.384,0.0224,0.0363,31.8,5.1,0.0646,0.0544,ok,ok,6.621,6.055,5.768,5.676,,,,51/50,0.7/0.4,118/142,0.724/0.726,,on,,6.6
IMG_1295.JPG,photos\IMG_1295.JPG,5.5,실측 · 동일지점 C 를 여러 각도에서 (8장 묶음) · 판정 갈림 구간,True,0.5,46b265f5f62f,on,4032,3024,exif,2912.0,,,,4.659,4.663,4.663238365145627,,6.28,0.0,4.658,0.204,0.086,837.0,3194.0,5.798,5.712,0.423342,0.385928,-0.001991,0.001961,1.097,0.823,0.056,0.37,0.384,0.0199,0.0022,31.8,5.1,0.0646,0.0544,ok,ok,6.6,6.055,5.768,5.676,,,ok:183;ok:200,51/50,19.7/0.4,111/142,0.724/0.726,,off_alt,,7.3
IMG_1296.JPG,photos\IMG_1296.JPG,5.5,실측 · 동일지점 C 를 여러 각도에서 (8장 묶음) · 판정 갈림 구간,True,0.5,46b265f5f62f,on,4032,3024,exif,2912.0,,,,5.756,5.758,5.757512408124941,,7.24,0.0,5.731,0.111,0.544,879.0,2853.0,8.684,8.14,0.483241,0.191607,-0.002969,0.002783,2.522,0.405,-0.154,0.1662,0.091,0.0297,0.0461,12.8,9.3,0.0953,0.0681,ok,ok,8.684,8.381,8.14,8.501,,,,53/71,0.9/0.6,137/180,0.755/0.715,,on,,6.8
IMG_1296.JPG,photos\IMG_1296.JPG,5.5,실측 · 동일지점 C 를 여러 각도에서 (8장 묶음) · 판정 갈림 구간,True,0.5,46b265f5f62f,on,4032,3024,exif,2912.0,,,,5.665,5.67,5.669857687803021,,7.24,0.0,5.665,0.235,0.015,862.0,2853.0,8.279,8.294,0.39361,0.29011,-0.002843,0.002848,1.357,0.405,-0.154,0.1147,0.091,0.0285,0.0069,12.8,9.3,0.0953,0.0681,ok,ok,8.674,8.381,8.14,8.501,,,ok:171;ok:193,53/71,17.9/0.6,108/173,0.755/0.715,,off_alt,,7.4
IMG_1297.JPG,photos\IMG_1297.JPG,5.5,실측 · 동일지점 C 를 여러 각도에서 (8장 묶음) · 판정 갈림 구간,True,0.5,46b265f5f62f,on,4032,3024,exif,2912.0,,,,5.958,5.958,5.957628674004124,,5.68,0.0,4.652,0.01,3.722,975.0,2792.0,9.045,5.323,0.903858,-0.416629,-0.002425,0.001427,2.169,0.27,0.188,0.1657,0.13,0.0243,0.1507,7.0,31.3,0.1667,0.0718,ok,ok,9.045,8.866,5.323,4.774,,,,59/74,4.2/6.7,200/166,0.781/0.675,,on,,7.1
IMG_1297.JPG,photos\IMG_1297.JPG,5.5,실측 · 동일지점 C 를 여러 각도에서 (8장 묶음) · 판정 갈림 구간,True,0.5,46b265f5f62f,on,4032,3024,exif,2912.0,,,,5.828,5.828,5.82849857487163,,5.68,0.0,4.551,0.092,3.64,962.0,2796.0,8.775,5.135,0.907218,-0.41534,-0.002353,0.001377,2.184,0.27,0.188,0.1669,0.13,0.0235,0.0032,7.0,31.3,0.1667,0.0718,ok,ok,9.04,8.866,5.319,4.774,,,ok:129;ok:192,59/74,17.2/10.7,124/159,0.781/0.675,,off_alt,,7.9
IMG_1299.JPG,photos\IMG_1299.JPG,5.5,실측 · 동일지점 C 를 여러 각도에서 (8장 묶음) · 판정 갈림 구간,True,0.5,46b265f5f62f,on,4032,3024,exif,2912.0,,,,,,,,,,,,,,,,,,,,,,,,,,,,,,,,,,,,,,,,,,,,,,on,retake:NO_VALID_PAIR,6.9
IMG_1299.JPG,photos\IMG_1299.JPG,5.5,실측 · 동일지점 C 를 여러 각도에서 (8장 묶음) · 판정 갈림 구간,True,0.5,46b265f5f62f,on,4032,3024,exif,2912.0,,,,,,,,,,,,,,,,,,,,,,,,,,,,,,,,,,,,,,,,,,,,,,off_alt,retake:NO_VALID_PAIR,6.9
IMG_1300.JPG,photos\IMG_1300.JPG,5.5,실측 · 동일지점 C 를 여러 각도에서 (8장 묶음) · 판정 갈림 구간,True,0.5,46b265f5f62f,on,4032,3024,exif,2912.0,,,,,,,,,,,,,,,,,,,,,,,,,,,,,,,,,,,,,,,,,,,,,,on,retake:NO_VALID_PAIR,6.4
IMG_1300.JPG,photos\IMG_1300.JPG,5.5,실측 · 동일지점 C 를 여러 각도에서 (8장 묶음) · 판정 갈림 구간,True,0.5,46b265f5f62f,on,4032,3024,exif,2912.0,,,,,,,,,,,,,,,,,,,,,,,,,,,,,,,,,,,,,,,,,,,,,,off_alt,retake:NO_VALID_PAIR,6.5
IMG_1301.JPG,photos\IMG_1301.JPG,5.5,실측 · 동일지점 C 를 여러 각도에서 (8장 묶음) · 판정 갈림 구간,True,0.5,46b265f5f62f,on,4032,3024,exif,2912.0,,,,5.615,5.619,5.619068060967838,,5.89,0.0,4.686,0.201,3.094,1009.0,2870.0,8.753,5.659,0.839539,-0.306202,-0.002508,0.001622,2.742,0.018,0.149,-0.0305,-0.034,0.0251,0.1469,3.9,24.6,0.175,0.0601,ok,ok,8.753,8.868,5.659,5.224,,,,61/70,2.9/4.5,200/166,0.772/0.685,,on,,6.6
IMG_1301.JPG,photos\IMG_1301.JPG,5.5,실측 · 동일지점 C 를 여러 각도에서 (8장 묶음) · 판정 갈림 구간,True,0.5,46b265f5f62f,on,4032,3024,exif,2912.0,,,,5.649,5.659,5.658533229956823,,5.89,0.0,4.638,0.325,3.225,1009.0,2871.0,8.735,5.51,0.854769,-0.329762,-0.002463,0.001554,2.592,0.018,0.149,-0.0337,-0.034,0.0246,0.0029,3.9,24.6,0.175,0.0601,ok,ok,8.753,8.868,5.658,5.224,,,ok:171;ok:198,61/70,2.9/5.5,171/166,0.772/0.685,,off_alt,,7.3
IMG_1302.JPG,photos\IMG_1302.JPG,5.5,실측 · 동일지점 C 를 여러 각도에서 (8장 묶음) · 판정 갈림 구간,True,0.5,46b265f5f62f,on,4032,3024,exif,2912.0,,,,5.23,5.232,5.231934899210706,,,0.0,4.558,0.132,2.565,861.0,2713.0,6.202,8.767,-0.144737,0.698999,-0.001856,0.002624,4.829,0.24,-1.203,-0.8756,-1.001,0.0262,0.0547,41.9,35.2,0.0907,0.0783,ok,ok,6.202,5.62,8.767,10.08,,,,52/61,5.5/0.1,163/161,0.775/0.738,,on,,6.3
IMG_1302.JPG,photos\IMG_1302.JPG,5.5,실측 · 동일지점 C 를 여러 각도에서 (8장 묶음) · 판정 갈림 구간,True,0.5,46b265f5f62f,on,4032,3024,exif,2912.0,,,,6.231,6.24,6.239860383457295,,,0.0,4.772,0.331,4.007,851.0,2713.0,5.962,9.97,-0.336752,0.826404,-0.001568,0.002622,2.454,0.24,-1.203,-1.075,-1.001,0.0262,0.0176,41.9,35.2,0.0907,0.0783,ok,ok,6.188,5.62,8.767,10.08,,,ok:109;ok:40,52/61,15.5/0.1,75/40,0.775/0.738,,off_alt,,6.8
IMG_1303.JPG,photos\IMG_1303.JPG,5.5,실측 · 동일지점 C 를 여러 각도에서 (8장 묶음) · 판정 갈림 구간,True,0.5,46b265f5f62f,on,4032,3024,exif,2912.0,,,,,,,,,,,,,,,,,,,,,,,,,,,,,,,,,,,,,,,,,,,,,,on,retake:NO_VALID_PAIR,6.1
IMG_1303.JPG,photos\IMG_1303.JPG,5.5,실측 · 동일지점 C 를 여러 각도에서 (8장 묶음) · 판정 갈림 구간,True,0.5,46b265f5f62f,on,4032,3024,exif,2912.0,,,,,,,,,,,,,,,,,,,,,,,,,,,,,,,,,,,,,,,,,,,,,,off_alt,retake:NO_VALID_PAIR,6.1
IMG_1304.JPG,photos\IMG_1304.JPG,6.5,실측 · 동일지점 D 를 여러 각도에서 (8장 묶음) · 판정 갈림 구간,True,0.5,46b265f5f62f,on,4032,3024,exif,2912.0,,,,5.947,5.948,5.9479187309214705,,7.41,0.0,5.809,0.125,1.272,902.0,3101.0,8.32,7.048,0.587559,0.150122,-0.002791,0.002364,3.914,-0.353,0.497,-0.1328,-0.204,0.0279,0.0297,13.1,15.9,0.0506,0.1238,ok,ok,8.32,8.748,7.048,6.751,,,,54/56,0.7/0.1,172/147,0.706/0.82,,on,,6.2
IMG_1304.JPG,photos\IMG_1304.JPG,6.5,실측 · 동일지점 D 를 여러 각도에서 (8장 묶음) · 판정 갈림 구간,True,0.5,46b265f5f62f,on,4032,3024,exif,2912.0,,,,6.151,6.155,6.155265712328211,,7.41,0.0,5.774,0.215,2.122,897.0,3101.0,8.673,6.551,0.705651,0.004757,-0.002796,0.002112,148.338,-0.353,0.497,-0.2467,-0.204,0.028,0.0103,13.1,15.9,0.0506,0.1238,ok,ok,8.324,8.748,7.048,6.751,,,ok:174;ok:196,54/56,5.7/0.1,171/143,0.706/0.82,,off_alt,,6.7
IMG_1305.JPG,photos\IMG_1305.JPG,6.5,실측 · 동일지점 D 를 여러 각도에서 (8장 묶음) · 판정 갈림 구간,True,0.5,46b265f5f62f,on,4032,3024,exif,2912.0,,,,6.001,6.004,6.00358685071612,,7.46,0.0,5.997,0.191,0.218,721.0,3099.0,7.443,7.224,0.480786,0.335294,-0.002554,0.002479,1.434,0.03,0.497,0.1811,0.143,0.0255,0.0358,44.5,17.6,0.0413,0.1069,out_of_range,ok,,7.614,7.224,6.867,,,ok:77,44/56,8.7/0.4,75/147,0.669/0.791,,on,,6.8
IMG_1305.JPG,photos\IMG_1305.JPG,6.5,실측 · 동일지점 D 를 여러 각도에서 (8장 묶음) · 판정 갈림 구간,True,0.5,46b265f5f62f,on,4032,3024,exif,2912.0,,,,5.858,5.87,5.869923127929406,,7.46,0.0,5.818,0.377,0.686,719.0,3105.0,7.413,6.727,0.559434,0.254297,-0.002528,0.002294,2.2,0.03,0.497,0.1432,0.143,0.0253,0.0146,44.5,17.6,0.0413,0.1069,out_of_range,ok,,7.614,7.22,6.867,,,ok:92;ok:166,44/56,10.7/6.4,75/121,0.669/0.791,,off_alt,,7.4
IMG_1306.JPG,photos\IMG_1306.JPG,6.5,실측 · 동일지점 D 를 여러 각도에서 (8장 묶음) · 판정 갈림 구간,True,0.5,46b265f5f62f,on,4032,3024,exif,2912.0,,,,6.74,6.753,6.752854012379269,,7.49,0.0,6.113,0.417,2.838,796.0,3211.0,8.776,5.938,0.801047,-0.04881,-0.002734,0.00185,16.411,0.85,0.269,0.6678,0.659,0.0273,0.0461,31.5,9.6,0.0576,0.1216,ok,ok,8.776,8.019,5.938,5.78,,,,48/49,6.2/0.6,174/146,0.71/0.792,,on,,6.4
IMG_1306.JPG,photos\IMG_1306.JPG,6.5,실측 · 동일지점 D 를 여러 각도에서 (8장 묶음) · 판정 갈림 구간,True,0.5,46b265f5f62f,on,4032,3024,exif,2912.0,,,,6.081,6.101,6.101001363921009,,7.49,0.0,5.647,0.492,2.256,796.0,3211.0,7.926,5.669,0.760093,0.010033,-0.002527,0.001808,75.762,0.85,0.269,0.6488,0.659,0.0253,0.0041,31.5,9.6,0.0576,0.1216,ok,ok,8.776,8.019,5.938,5.78,,,ok:123;ok:150,48/49,6.2/0.6,122/102,0.71/0.792,,off_alt,,7.0
IMG_1307.JPG,photos\IMG_1307.JPG,6.5,실측 · 동일지점 D 를 여러 각도에서 (8장 묶음) · 판정 갈림 구간,True,0.5,46b265f5f62f,on,4032,3024,exif,2912.0,,,,5.58,5.58,5.580398042400574,,6.47,0.0,4.995,0.021,2.489,1094.0,3098.0,8.601,6.112,0.729417,-0.113479,-0.002644,0.001879,6.428,-0.996,0.335,-0.7645,-0.86,0.0264,0.0442,29.7,27.9,0.0606,0.0966,ok,ok,8.601,9.853,6.112,5.647,,,,64/56,0.9/0.6,160/152,0.725/0.82,,on,,6.4
IMG_1307.JPG,photos\IMG_1307.JPG,6.5,실측 · 동일지점 D 를 여러 각도에서 (8장 묶음) · 판정 갈림 구간,True,0.5,46b265f5f62f,on,4032,3024,exif,2912.0,,,,6.44,6.44,6.440216112731272,,6.47,0.0,5.185,0.067,3.819,1094.0,3098.0,9.597,5.777,0.847984,-0.29388,-0.002653,0.001597,2.885,-0.996,0.335,-0.943,-0.86,0.0265,0.0042,29.7,27.9,0.0606,0.0966,ok,ok,8.601,9.853,6.112,5.647,,,ok:152;ok:162,64/56,0.9/0.6,152/124,0.725/0.82,,off_alt,,7.0
IMG_1308.JPG,photos\IMG_1308.JPG,6.5,실측 · 동일지점 D 를 여러 각도에서 (8장 묶음) · 판정 갈림 구간,True,0.5,46b265f5f62f,on,4032,3024,exif,2912.0,,,,,,,,,,,,,,,,,,,,,,,,,,,,,,,,,,,,,,,,,,,,,,on,retake:NO_VALID_PAIR,6.0
IMG_1308.JPG,photos\IMG_1308.JPG,6.5,실측 · 동일지점 D 를 여러 각도에서 (8장 묶음) · 판정 갈림 구간,True,0.5,46b265f5f62f,on,4032,3024,exif,2912.0,,,,,,,,,,,,,,,,,,,,,,,,,,,,,,,,,,,,,,,,,,,,,,off_alt,retake:NO_VALID_PAIR,6.0
IMG_1309.JPG,photos\IMG_1309.JPG,6.5,실측 · 동일지점 D 를 여러 각도에서 (8장 묶음) · 판정 갈림 구간,True,0.5,46b265f5f62f,on,4032,3024,exif,2912.0,,,,,,,,,,,,,,,,,,,,,,,,,,,,,,,,,,,,,,,,,,,,,,on,retake:NO_VALID_PAIR,6.2
IMG_1309.JPG,photos\IMG_1309.JPG,6.5,실측 · 동일지점 D 를 여러 각도에서 (8장 묶음) · 판정 갈림 구간,True,0.5,46b265f5f62f,on,4032,3024,exif,2912.0,,,,,,,,,,,,,,,,,,,,,,,,,,,,,,,,,,,,,,,,,,,,,,off_alt,retake:NO_VALID_PAIR,6.3
IMG_1310.JPG,photos\IMG_1310.JPG,6.5,실측 · 동일지점 D 를 여러 각도에서 (8장 묶음) · 판정 갈림 구간,True,0.5,46b265f5f62f,on,4032,3024,exif,2912.0,,,,5.775,5.78,5.780478363462201,,5.87,0.0,4.348,0.243,3.802,918.0,2882.0,4.77,8.572,-0.374416,0.882135,-0.001233,0.002216,2.356,0.278,-0.402,-0.4587,-0.482,0.0222,0.1622,34.2,18.0,0.0461,0.1839,ok,ok,4.77,4.314,8.572,9.13,,,,56/69,9.8/0.7,128/191,0.797/0.753,,on,,6.4
IMG_1310.JPG,photos\IMG_1310.JPG,6.5,실측 · 동일지점 D 를 여러 각도에서 (8장 묶음) · 판정 갈림 구간,True,0.5,46b265f5f62f,on,4032,3024,exif,2912.0,,,,6.257,6.277,6.277025028472956,,5.87,0.0,4.366,0.502,4.482,916.0,2882.0,4.492,8.974,-0.452764,0.923843,-0.001076,0.00215,2.04,0.278,-0.402,-0.4973,-0.482,0.0215,0.0045,34.2,18.0,0.0461,0.1839,ok,ok,4.768,4.314,8.572,9.13,,,ok:196;ok:123,56/69,11.8/0.7,126/102,0.797/0.753,,off_alt,,6.9
IMG_1311.JPG,photos\IMG_1311.JPG,6.5,실측 · 동일지점 D 를 여러 각도에서 (8장 묶음) · 판정 갈림 구간,True,0.5,46b265f5f62f,on,4032,3024,exif,2912.0,,,,,,,,,,,,,,,,,,,,,,,,,,,,,,,,,,,,,,,,,,,,,,on,retake:NO_VALID_PAIR,6.3
IMG_1311.JPG,photos\IMG_1311.JPG,6.5,실측 · 동일지점 D 를 여러 각도에서 (8장 묶음) · 판정 갈림 구간,True,0.5,46b265f5f62f,on,4032,3024,exif,2912.0,,,,,,,,,,,,,,,,,,,,,,,,,,,,,,,,,,,,,,,,,,,,,,off_alt,retake:NO_VALID_PAIR,6.4
IMG_7412.HEIC,photos\IMG_7412.HEIC,,미측정 · HEIC,True,0.5,46b265f5f62f,on,4032,3024,exif,2912.0,,,,,,,,,,,,,,,,,,,,,,,,,,,,,,,,,,,,,,,,,,,,,,on,retake:NOT_ENOUGH_CARS,6.2
IMG_7412.HEIC,photos\IMG_7412.HEIC,,미측정 · HEIC,True,0.5,46b265f5f62f,on,4032,3024,exif,2912.0,,,,,,,,,,,,,,,,,,,,,,,,,,,,,,,,,,,,,,,,,,,,,,off_alt,retake:NOT_ENOUGH_CARS,6.2
IMG_7413.HEIC,photos\IMG_7413.HEIC,,미측정 · HEIC,True,0.5,46b265f5f62f,on,3024,4032,exif,2184.0,,,,1.372,1.372,1.3722978102590415,2.0364418997962046,2.04,0.664,1.372,0.021,0.023,933.0,2128.0,2.519,2.496,0.281921,0.265163,-0.001153,0.001143,1.063,0.134,0.151,0.0778,0.074,0.0115,0.0064,17.1,19.1,0.0179,0.0242,ok,ok,2.519,2.334,2.496,2.314,,,,56/54,3.7/0.6,104/104,0.765/0.771,,on,,6.6
IMG_7413.HEIC,photos\IMG_7413.HEIC,,미측정 · HEIC,True,0.5,46b265f5f62f,on,3024,4032,exif,2184.0,,,,1.298,1.299,1.2987282134509617,2.0364418997962046,2.04,0.738,1.297,0.054,0.039,930.0,2128.0,2.385,2.345,0.296612,0.251672,-0.001091,0.001073,1.179,0.134,0.151,0.0777,0.074,0.0109,0.0009,17.1,19.1,0.0179,0.0242,ok,ok,2.518,2.334,2.496,2.314,,,ok:200;ok:200,56/54,6.7/0.6,104/104,0.765/0.771,,off_alt,,7.1
IMG_7414.HEIC,photos\IMG_7414.HEIC,4.8,비스듬 · HEIC · TICKET-16 §0 의 근거 (박스 지문 0.0px 일치),True,0.5,46b265f5f62f,on,4032,3024,exif,2912.0,,,,4.326,4.329,4.328910679271887,,5.86,0.0,4.269,0.152,0.702,904.0,3066.0,6.091,5.389,0.539127,0.193472,-0.002064,0.001826,2.787,0.839,0.469,0.5431,0.53,0.0206,0.0413,40.9,23.5,0.0767,0.0831,ok,ok,6.091,5.379,5.389,5.0,,,,54/58,4.2/2.7,83/103,0.69/0.77,,on,,6.9
IMG_7414.HEIC,photos\IMG_7414.HEIC,4.8,비스듬 · HEIC · TICKET-16 §0 의 근거 (박스 지문 0.0px 일치),True,0.5,46b265f5f62f,on,4032,3024,exif,2912.0,,,,3.796,3.811,3.811496377503685,,5.86,0.0,3.781,0.344,0.332,904.0,3067.0,5.252,4.92,0.467857,0.272086,-0.001797,0.001683,1.72,0.839,0.469,0.5201,0.53,0.018,0.0032,40.9,23.5,0.0767,0.0831,ok,ok,6.091,5.379,5.388,5.0,,,ok:182;ok:172,54/58,4.2/3.7,74/92,0.69/0.77,,off_alt,,7.4
